created,favoriteCount,favorited,id,isRetweet,latitude,longitude,replyToSID,replyToSN,replyToUID,retweetCount,retweeted,screenName,statusSource,text,truncated,Region
4/23/2017,0,FALSE,8.56282E+17,TRUE,NA,NA,NA,NA,NA,4,FALSE,lopezgovlaw,"<a href=""https://script.google.com/macros/s/AKfycbx4vGUVr8-ffs5hEehcDk9bs6qgNF12LQGYA-DNXR98KM8VKVBF/exec"" rel=""nofollow"">PrometheusII</a>",RT @LeonforMiami: How #climate effects &amp; can increase the risk of #Zika. Important article @NYTScience &amp; thanks @ThatGuyZo for having this…,FALSE,Miami
4/23/2017,2,FALSE,8.56264E+17,FALSE,NA,NA,NA,NA,NA,4,FALSE,LeonforMiami,"<a href=""http://twitter.com"" rel=""nofollow"">Twitter Web Client</a>",How #climate effects &amp; can increase the risk of #Zika. Important article @NYTScience &amp; thanks @ThatGuyZo for having… https://t.co/Zrfyhu9rAR,TRUE,Miami
4/23/2017,0,FALSE,8.56242E+17,TRUE,NA,NA,NA,NA,NA,3578,FALSE,Jake__Zika,"<a href=""http://twitter.com/download/android"" rel=""nofollow"">Twitter for Android</a>",RT @NiggaCommentary: BRO SHE DIDNT HAVE TO QUIT LIKE THAT <ed><U+00A0><U+00BD><ed><U+00B8><U+0082><ed><U+00A0><U+00BD><ed><U+00B8><U+0082><ed><U+00A0><U+00BD><ed><U+00B8><U+0082><ed><U+00A0><U+00BD><ed><U+00B8><U+0082> https://t.co/TxpvWqAJZt,FALSE,Miami
4/23/2017,0,FALSE,8.56219E+17,FALSE,NA,NA,NA,NA,NA,0,FALSE,RedSabb93se,"<a href=""http://twitter.com/download/android"" rel=""nofollow"">Twitter for Android</a>",Renewed Zika outbreak feared on Texas border https://t.co/pAmtvyXsvN via the @FoxNews Android app,FALSE,Miami
4/23/2017,0,FALSE,8.56192E+17,FALSE,NA,NA,NA,NA,NA,0,FALSE,truegreengirl,"<a href=""http://twitter.com"" rel=""nofollow"">Twitter Web Client</a>",The Zika Fraud Is Just Another Pharma Scare https://t.co/Z6ABinYC2b via @mercola,FALSE,Miami
4/23/2017,0,FALSE,8.56175E+17,TRUE,NA,NA,NA,NA,NA,1,FALSE,2ndgenmianative,"<a href=""http://twitter.com/download/iphone"" rel=""nofollow"">Twitter for iPhone</a>","RT @umiamimedicine: South Florida has been ground zero for #Zika, our docs in the fight. DM to schedule an interview. #AANAM",FALSE,Miami
4/23/2017,2,FALSE,8.56162E+17,FALSE,NA,NA,NA,NA,NA,1,FALSE,umiamimedicine,"<a href=""http://twitter.com/download/iphone"" rel=""nofollow"">Twitter for iPhone</a>","South Florida has been ground zero for #Zika, our docs in the fight. DM to schedule an interview. #AANAM",FALSE,Miami
4/23/2017,0,FALSE,8.56026E+17,FALSE,NA,NA,NA,NA,NA,0,FALSE,info_zika,"<a href=""http://www.facebook.com/twitter"" rel=""nofollow"">Facebook</a>",Stopping Zika https://t.co/w8WGou1Thp,FALSE,Miami
4/23/2017,0,FALSE,8.56025E+17,FALSE,NA,NA,NA,NA,NA,0,FALSE,info_zika,"<a href=""http://www.facebook.com/twitter"" rel=""nofollow"">Facebook</a>",Puerto Rico may be underreporting Zika-affected births https://t.co/yovoMMPpw3,FALSE,Miami
4/23/2017,0,FALSE,8.56025E+17,FALSE,NA,NA,NA,NA,NA,0,FALSE,info_zika,"<a href=""http://www.facebook.com/twitter"" rel=""nofollow"">Facebook</a>","UNC, Duke part of $3.2M project to develop better Zika virus test :: Editor's Blog at WRAL TechWire https://t.co/lOXGaFRv0m",FALSE,Miami
4/23/2017,2,FALSE,8.56025E+17,FALSE,NA,NA,NA,NA,NA,0,FALSE,info_zika,"<a href=""http://www.facebook.com/twitter"" rel=""nofollow"">Facebook</a>",Windsor-Essex County Health Unit to test for Zika https://t.co/qyzLugyLKA,FALSE,Miami
4/23/2017,0,FALSE,8.56024E+17,FALSE,NA,NA,NA,NA,NA,0,FALSE,info_zika,"<a href=""http://www.facebook.com/twitter"" rel=""nofollow"">Facebook</a>",Windsor-Essex County Health Unit to test for Zika https://t.co/FFSLhlupeW,FALSE,Miami
4/22/2017,0,FALSE,8.55881E+17,FALSE,NA,NA,NA,NA,NA,0,FALSE,Bellekey_,"<a href=""http://twitter.com/download/iphone"" rel=""nofollow"">Twitter for iPhone</a>",Unt uhhh Zika out and I ain't trying have no nickel head jit.,FALSE,Miami
4/22/2017,0,FALSE,8.55845E+17,FALSE,NA,NA,NA,NA,NA,0,FALSE,Delsant,"<a href=""https://fanpagerobot.com/"" rel=""nofollow"">Fan Page Robot</a>","Epilepsy: Another Potential Zika Threat to Babies
CDC team says up to half of infants exposed to the virus devel...https://t.co/KqrsiTurRo",FALSE,Miami
4/22/2017,1,FALSE,8.55834E+17,FALSE,NA,NA,8.55796E+17,alisongriswold,599515941,0,FALSE,JoeUscinski,"<a href=""http://twitter.com"" rel=""nofollow"">Twitter Web Client</a>",@alisongriswold @rcastrocornejo ZIka is real and facts matter: https://t.co/MQbM8W95RN,FALSE,Miami
4/22/2017,0,FALSE,8.55833E+17,TRUE,NA,NA,NA,NA,NA,4,FALSE,MaryShedden,"<a href=""http://twitter.com/download/iphone"" rel=""nofollow"">Twitter for iPhone</a>","RT @HadenMedia: When it comes to covering #disease outbreaks: explain, explain, explain. — @wlrn's @sammymack #AHCJZika #zika https://t.co/…",FALSE,Miami
4/22/2017,0,FALSE,8.55827E+17,FALSE,NA,NA,NA,NA,NA,0,FALSE,AyooArie,"<a href=""http://twitter.com/download/iphone"" rel=""nofollow"">Twitter for iPhone</a>",That's how Zika started. I just https://t.co/y6P7oH5PnN,FALSE,Miami
4/22/2017,0,FALSE,8.55814E+17,FALSE,NA,NA,NA,NA,NA,0,FALSE,RandallGeoffrey,"<a href=""http://twitter.com/download/iphone"" rel=""nofollow"">Twitter for iPhone</a>",No reason at all to doubt him. Marquito is too busy working on his zika legislation and avoiding town hall meetings… https://t.co/PTOpUx9Pbb,TRUE,Miami
4/22/2017,7,FALSE,8.55808E+17,FALSE,NA,NA,NA,NA,NA,4,FALSE,HadenMedia,"<a href=""http://twitter.com/download/iphone"" rel=""nofollow"">Twitter for iPhone</a>","When it comes to covering #disease outbreaks: explain, explain, explain. — @wlrn's @sammymack #AHCJZika #zika https://t.co/5JJlOQ5dlw",FALSE,Miami
4/22/2017,0,FALSE,8.55803E+17,FALSE,NA,NA,8.55769E+17,OgleConnie,381496817,0,FALSE,Loxsoceles,"<a href=""http://twitter.com"" rel=""nofollow"">Twitter Web Client</a>",@OgleConnie @MiamiHerald @WynwoodLife @Miamicom Zika still wynwooding?,FALSE,Miami
4/22/2017,1,FALSE,8.55791E+17,FALSE,NA,NA,8.55788E+17,Akquire,3413087657,0,FALSE,BroLy_Bro,"<a href=""http://twitter.com/download/iphone"" rel=""nofollow"">Twitter for iPhone</a>","@Akquire ""Hey we managed to get rid of the Zika virus with our mosquitos! One thing tho a year from now you'll have a flesh eating disease.""",FALSE,Miami
4/22/2017,1,FALSE,8.5575E+17,FALSE,NA,NA,NA,NA,NA,0,FALSE,ndn,"<a href=""https://dlvrit.com/"" rel=""nofollow"">dlvr.it</a>",Gearing up for another Zika fight https://t.co/qCxQucTZvI https://t.co/s6cMA3Wq4p,FALSE,Miami
4/22/2017,0,FALSE,8.55743E+17,FALSE,NA,NA,NA,NA,NA,0,FALSE,sirjkennedy,"<a href=""http://twitter.com"" rel=""nofollow"">Twitter Web Client</a>",Florida releases thousands of infected mosquitoes into the wild https://t.co/eMwtttcsrk,FALSE,Miami
4/21/2017,1,FALSE,8.55611E+17,FALSE,NA,NA,NA,NA,NA,10,FALSE,scopedbylarry,"<a href=""http://twitter.com/#!/download/ipad"" rel=""nofollow"">Twitter for iPad</a>","As Zika Season Nears, States Brace for an End to CDC Funding https://t.co/sE1WvE1Cpa via @frontlinepbs",FALSE,Miami
4/21/2017,0,FALSE,8.5559E+17,FALSE,NA,NA,NA,NA,NA,0,FALSE,info_zika,"<a href=""http://www.facebook.com/twitter"" rel=""nofollow"">Facebook</a>",U.S. CDC calls for enhanced surveillance of Zika-related epilepsy - Xinhua | https://t.co/3Ffygkz5r7 https://t.co/sU4gAzhK21,FALSE,Miami
4/21/2017,0,FALSE,8.55527E+17,FALSE,NA,NA,NA,NA,NA,0,FALSE,ele_wolfe,"<a href=""https://ifttt.com"" rel=""nofollow"">IFTTT</a>",Florida releases thousands of mosquitoes infected with bacteria intended to control Zika-transmitting Aedes aegypt… https://t.co/OoxHrH92ME,FALSE,Miami
4/21/2017,0,FALSE,8.55509E+17,FALSE,NA,NA,NA,NA,NA,0,FALSE,JoeUscinski,"<a href=""http://twitter.com"" rel=""nofollow"">Twitter Web Client</a>","Check out my latest short talk about Conspiracy Theories, Zika, and Pizzagate. Please RT if you like!
https://t.co/MQbM8W95RN",FALSE,Miami
4/21/2017,4,FALSE,8.55509E+17,FALSE,NA,NA,NA,NA,NA,4,FALSE,JoeUscinski,"<a href=""http://twitter.com"" rel=""nofollow"">Twitter Web Client</a>","Check out my latest short talk about Conspiracy Theories, Zika, and Pizzagate
https://t.co/MQbM8W95RN",FALSE,Miami
4/21/2017,0,FALSE,8.55482E+17,FALSE,NA,NA,NA,NA,NA,0,FALSE,AmberSellsRE,"<a href=""http://twitter.com"" rel=""nofollow"">Twitter Web Client</a>",This makes me nervous. Even moreso the trials involving Oxitec... Experimental mosquitos being released in the keys: https://t.co/mHorHUqC4V,FALSE,Miami
4/21/2017,1,FALSE,8.55427E+17,FALSE,NA,NA,NA,NA,NA,0,FALSE,SFLMiguel,"<a href=""http://twitter.com"" rel=""nofollow"">Twitter Web Client</a>","Outstanding!  What took them so long?  We, in Miami, suffered through the Zika Outbreaks for much of last Summer.… https://t.co/KyqBhU92PI",TRUE,Miami
4/21/2017,0,FALSE,8.55418E+17,FALSE,NA,NA,NA,NA,NA,0,FALSE,TriviaMiami,"<a href=""http://www.facebook.com/twitter"" rel=""nofollow"">Facebook</a>","Top Scores from The Bend Liquor Lounge 04/19/2017

1. The Zika Boys: Bill O'Reilly just found his next job... https://t.co/UhGyML5ID2",FALSE,Miami
4/21/2017,0,FALSE,8.55394E+17,TRUE,NA,NA,NA,NA,NA,3,FALSE,mikedelucca,"<a href=""http://twitter.com"" rel=""nofollow"">Twitter Web Client</a>",RT @mikedelucca: How Microsoft’s Project Premonition uses robotic traps to zero in on Zika mosquitoes https://t.co/5gy9RZ8Vjy #TuesdayMotiv…,FALSE,Miami
4/21/2017,0,FALSE,8.5537E+17,FALSE,NA,NA,NA,NA,NA,0,FALSE,ele_wolfe,"<a href=""https://ifttt.com"" rel=""nofollow"">IFTTT</a>",Florida releases thousands of mosquitoes infected with bacteria intended to control Zika-transmitting Aedes aegypt… https://t.co/D0KrDoUGkD,FALSE,Miami
4/21/2017,0,FALSE,8.55287E+17,FALSE,NA,NA,NA,NA,NA,0,FALSE,info_zika,"<a href=""http://www.facebook.com/twitter"" rel=""nofollow"">Facebook</a>",CNN: Florida releases experimental mosquitoes to fight Zika Virus https://t.co/tgbz36x0M0,FALSE,Miami
4/21/2017,0,FALSE,8.55286E+17,FALSE,NA,NA,NA,NA,NA,0,FALSE,ele_wolfe,"<a href=""https://ifttt.com"" rel=""nofollow"">IFTTT</a>",Florida releases thousands of mosquitoes infected with bacteria intended to control Zika-transmitting Aedes aegypt… https://t.co/Lx7ifSz04g,FALSE,Miami
4/21/2017,0,FALSE,8.55281E+17,FALSE,NA,NA,NA,NA,NA,0,FALSE,info_zika,"<a href=""http://www.facebook.com/twitter"" rel=""nofollow"">Facebook</a>",Health unit looking for funds to trap mosquitoes known to carry Zika https://t.co/DaTW8t9AO4,FALSE,Miami
4/21/2017,0,FALSE,8.55281E+17,FALSE,NA,NA,NA,NA,NA,0,FALSE,info_zika,"<a href=""http://www.facebook.com/twitter"" rel=""nofollow"">Facebook</a>",Research finds Zika in second Florida mosquito https://t.co/VyUB5UdoWY,FALSE,Miami
4/21/2017,0,FALSE,8.5528E+17,FALSE,NA,NA,NA,NA,NA,0,FALSE,info_zika,"<a href=""http://www.facebook.com/twitter"" rel=""nofollow"">Facebook</a>",Why the Menace of Mosquitoes Will Only Get Worse https://t.co/wXwIHG9So0,FALSE,Miami
4/21/2017,0,FALSE,8.5528E+17,FALSE,NA,NA,NA,NA,NA,0,FALSE,info_zika,"<a href=""http://www.facebook.com/twitter"" rel=""nofollow"">Facebook</a>",Health Effects on Developing Babies with Zika Virus https://t.co/Um3Deg91b1,FALSE,Miami
4/21/2017,0,FALSE,8.5528E+17,FALSE,NA,NA,NA,NA,NA,0,FALSE,info_zika,"<a href=""http://www.facebook.com/twitter"" rel=""nofollow"">Facebook</a>",2 new local Zika cases at Glasgow Road https://t.co/QK3QWvjMeM,FALSE,Miami
4/21/2017,0,FALSE,8.55279E+17,FALSE,NA,NA,NA,NA,NA,0,FALSE,info_zika,"<a href=""http://www.facebook.com/twitter"" rel=""nofollow"">Facebook</a>",Health unit looking for funds to trap mosquitoes known to carry Zika https://t.co/If8xgQ5dKH,FALSE,Miami
4/21/2017,0,FALSE,8.55279E+17,FALSE,NA,NA,NA,NA,NA,0,FALSE,info_zika,"<a href=""http://www.facebook.com/twitter"" rel=""nofollow"">Facebook</a>",2 cases of Zika confirmed at Glasgow Road in Kovan https://t.co/14rnKlSPkb,FALSE,Miami
4/21/2017,2,FALSE,8.55276E+17,FALSE,NA,NA,NA,NA,NA,0,FALSE,_angelsalas_,"<a href=""http://twitter.com/download/iphone"" rel=""nofollow"">Twitter for iPhone</a>",Saw a Zika baby today. https://t.co/JBIAhhoZlZ,FALSE,Miami
4/20/2017,0,FALSE,8.55232E+17,FALSE,NA,NA,NA,NA,NA,0,FALSE,SocialLifeMiami,"<a href=""https://ifttt.com"" rel=""nofollow"">IFTTT</a>",Read why “Zika detective” Celine Turchi is on the #TIME100 https://t.co/03kQ7Y8nqM,FALSE,Miami
4/20/2017,0,FALSE,8.55219E+17,FALSE,NA,NA,NA,NA,NA,0,FALSE,JohnnyKash1,"<a href=""http://twitter.com/download/iphone"" rel=""nofollow"">Twitter for iPhone</a>",Nobody down here has even caught Zika in months wtf https://t.co/dcxNkVNle3,FALSE,Miami
4/20/2017,0,FALSE,8.55217E+17,FALSE,NA,NA,NA,NA,NA,0,FALSE,ele_wolfe,"<a href=""https://ifttt.com"" rel=""nofollow"">IFTTT</a>",Florida releases thousands of mosquitoes infected with bacteria intended to control Zika-transmitting Aedes aegypt… https://t.co/MS65AeTKoV,FALSE,Miami
4/20/2017,0,FALSE,8.55171E+17,FALSE,NA,NA,8.55168E+17,NZBatman,924186024,0,FALSE,highriselath,"<a href=""http://twitter.com/download/android"" rel=""nofollow"">Twitter for Android</a>",@NZBatman Science does not take into consideration. How or who will apply their discovery.  Gene drives are a weapon.  Id rather have zika.,FALSE,Miami
4/20/2017,0,FALSE,8.55153E+17,FALSE,NA,NA,NA,NA,NA,0,FALSE,AdassaGlobal,"<a href=""http://www.hootsuite.com"" rel=""nofollow"">Hootsuite</a>",https://t.co/bEIMjBFQkM Florida releases experimental mosquitoes to fight Zika https://t.co/aZzFnWi88o,FALSE,Miami
4/20/2017,0,FALSE,8.55151E+17,FALSE,NA,NA,NA,NA,NA,0,FALSE,JenniferB_RN,"<a href=""https://ifttt.com"" rel=""nofollow"">IFTTT</a>",Florida releases experimental mosquitoes to fight Zika #health https://t.co/NBieEh9QoW,FALSE,Miami
4/20/2017,0,FALSE,8.5515E+17,FALSE,NA,NA,NA,NA,NA,0,FALSE,Angelus1701,"<a href=""https://ifttt.com"" rel=""nofollow"">IFTTT</a>","New post: ""Florida releases experimental mosquitoes to fight Zika"" https://t.co/rnTxhow7KK",FALSE,Miami
4/20/2017,0,FALSE,8.55146E+17,FALSE,NA,NA,NA,NA,NA,0,FALSE,4insuranceclaim,"<a href=""http://www.facebook.com/twitter"" rel=""nofollow"">Facebook</a>",Florida’s New Tactic to Fight Zika: Release of 20K Bacteria-Infected Mosquitoes... https://t.co/UvBiQyaK7N,FALSE,Miami
4/20/2017,1,FALSE,8.55142E+17,FALSE,NA,NA,NA,NA,NA,0,FALSE,induspsych,"<a href=""https://www.socialoomph.com"" rel=""nofollow"">SocialOomph</a>",Morning Break: Shorter Life for Whites; Billions at Risk for Zika; Sperm Fraud? #Psychiatry https://t.co/TmDjVXciEA,FALSE,Miami
4/20/2017,0,FALSE,8.55104E+17,FALSE,NA,NA,NA,NA,NA,0,FALSE,angchir,"<a href=""https://dlvrit.com/"" rel=""nofollow"">dlvr.it</a>",Zika's blood-sucking predator https://t.co/rVzXMN5Z8i https://t.co/cc3Tlv3CKY,FALSE,Miami
4/20/2017,0,FALSE,8.55048E+17,FALSE,NA,NA,NA,NA,NA,0,FALSE,marid4560,"<a href=""http://twitter.com/download/iphone"" rel=""nofollow"">Twitter for iPhone</a>","Zika could end up costing Latin America and the Caribbean up
 to $18 billion, UN reports finds.",FALSE,Miami
4/20/2017,1,FALSE,8.55044E+17,FALSE,NA,NA,NA,NA,NA,0,FALSE,indusinfect,"<a href=""https://www.socialoomph.com"" rel=""nofollow"">SocialOomph</a>",Zika Virus Infection and Associated Neurologic Disorders in Brazil #InfectiousDisease https://t.co/ll207pjvXl,FALSE,Miami
4/20/2017,0,FALSE,8.55026E+17,FALSE,NA,NA,NA,NA,NA,0,FALSE,ShinySheet,"<a href=""http://www.socialflow.com"" rel=""nofollow"">SocialFlow</a>",Research finds Zika in second Florida mosquito https://t.co/3Ryx59tePi,FALSE,Miami
4/20/2017,2,FALSE,8.55014E+17,FALSE,NA,NA,NA,NA,NA,0,FALSE,indusobs,"<a href=""https://www.socialoomph.com"" rel=""nofollow"">SocialOomph</a>",Zika Virus Infection and Associated Neurologic Disorders in Brazil #Obstetrics https://t.co/qW3kQ8T7UZ,FALSE,Miami
4/20/2017,0,FALSE,8.55003E+17,TRUE,NA,NA,NA,NA,NA,81,FALSE,akshayKGT,"<a href=""http://twitter.com/download/android"" rel=""nofollow"">Twitter for Android</a>","RT @themiamivoice: The terrorist is now an army of mosquitos infused with a virus, threatening to sterilize the human race. #Zika https://t…",FALSE,Miami
4/20/2017,0,FALSE,8.5498E+17,FALSE,NA,NA,NA,NA,NA,0,FALSE,info_zika,"<a href=""http://www.facebook.com/twitter"" rel=""nofollow"">Facebook</a>",Inovio Pharmaceuticals Stock History: From A to Zika -- The Motley Fool https://t.co/62L5boRE9z,FALSE,Miami
4/20/2017,0,FALSE,8.5498E+17,FALSE,NA,NA,NA,NA,NA,0,FALSE,info_zika,"<a href=""http://www.facebook.com/twitter"" rel=""nofollow"">Facebook</a>",Inovio Pharmaceuticals Stock History: From A to Zika -- The Motley Fool https://t.co/PFHT30X1td,FALSE,Miami
4/20/2017,0,FALSE,8.54979E+17,FALSE,NA,NA,NA,NA,NA,0,FALSE,info_zika,"<a href=""http://www.facebook.com/twitter"" rel=""nofollow"">Facebook</a>",UF researchers find second mosquito species can carry Zika virus https://t.co/bkYivda4oJ,FALSE,Miami
4/20/2017,0,FALSE,8.54979E+17,FALSE,NA,NA,NA,NA,NA,0,FALSE,info_zika,"<a href=""http://www.facebook.com/twitter"" rel=""nofollow"">Facebook</a>","Zika virus could be ‘major concern’ in Orange County in 5-8 years without proper mosquito abatement, grand jury says https://t.co/h8JAT5N8m7",FALSE,Miami
4/20/2017,0,FALSE,8.54979E+17,FALSE,NA,NA,NA,NA,NA,0,FALSE,info_zika,"<a href=""http://www.facebook.com/twitter"" rel=""nofollow"">Facebook</a>",Were Zika-Fighting Mosquitoes Really Released Into The Wild? A Trial Is Underway https://t.co/trWnWR1aZy,FALSE,Miami
4/20/2017,0,FALSE,8.54979E+17,FALSE,NA,NA,NA,NA,NA,0,FALSE,info_zika,"<a href=""http://www.facebook.com/twitter"" rel=""nofollow"">Facebook</a>",Keys Starts Trial Of New Mosquito Fighting Method: Bacteria https://t.co/c1BV3DJr13,FALSE,Miami
4/20/2017,0,FALSE,8.54978E+17,FALSE,NA,NA,NA,NA,NA,0,FALSE,info_zika,"<a href=""http://www.facebook.com/twitter"" rel=""nofollow"">Facebook</a>",Zika mosquito is spreading worldwide but WHO wants to stop it https://t.co/6MqJYL6iAf,FALSE,Miami
4/20/2017,0,FALSE,8.54917E+17,TRUE,NA,NA,NA,NA,NA,3,FALSE,siannaraquel,"<a href=""http://twitter.com/download/iphone"" rel=""nofollow"">Twitter for iPhone</a>","RT @JohnMoralesNBC6: 20,000 #Zika fighting mosquitoes released near #KeyWest. These are NOT the Oxitec GMO mosquitos  https://t.co/8wEeXCLg…",FALSE,Miami
4/19/2017,0,FALSE,8.54898E+17,TRUE,NA,NA,NA,NA,NA,1,FALSE,AlPefley,"<a href=""http://twitter.com/download/iphone"" rel=""nofollow"">Twitter for iPhone</a>","RT @CBS12: A second mosquito can now carry the Zika virus. 
https://t.co/06tGa5K9o3 https://t.co/ZKDdoSdlF1",FALSE,Miami
4/19/2017,1,FALSE,8.54885E+17,FALSE,NA,NA,NA,NA,NA,1,FALSE,CBS12,"<a href=""https://about.twitter.com/products/tweetdeck"" rel=""nofollow"">TweetDeck</a>","A second mosquito can now carry the Zika virus. 
https://t.co/06tGa5K9o3 https://t.co/ZKDdoSdlF1",FALSE,Miami
4/19/2017,0,FALSE,8.54838E+17,FALSE,25.78270204,-80.13264781,NA,NA,NA,0,FALSE,IVFMDFlorida,"<a href=""http://instagram.com"" rel=""nofollow"">Instagram</a>","Dr. Maria Bustillo educating lesbian couples about donor sperm, fertility, Zika, and more! #LGBT… https://t.co/HavuBd3Db6",FALSE,Miami
4/19/2017,1,FALSE,8.54824E+17,FALSE,NA,NA,NA,NA,NA,0,FALSE,schulmanlaw,"<a href=""http://twitter.com/download/iphone"" rel=""nofollow"">Twitter for iPhone</a>",Learning the symptoms of the Zika Virus at the Susie and Alan B. Levin NSU Ambassadors Board Breakfast Meeting https://t.co/KJxPN2MuDe,FALSE,Miami
4/19/2017,3,FALSE,8.54808E+17,FALSE,NA,NA,NA,NA,NA,3,FALSE,JohnMoralesNBC6,"<a href=""https://about.twitter.com/products/tweetdeck"" rel=""nofollow"">TweetDeck</a>","20,000 #Zika fighting mosquitoes released near #KeyWest. These are NOT the Oxitec GMO mosquitos  https://t.co/8wEeXCLgke",FALSE,Miami
4/19/2017,0,FALSE,8.54791E+17,FALSE,NA,NA,NA,NA,NA,0,FALSE,hotwhllvr79,"<a href=""http://linkis.com"" rel=""nofollow"">Linkis: turn sharing into growth</a>",Find out how to #ZAPzika with tips from @MarchOfDimes https://t.co/iUaY77qegq  via @SheSpeaksUp,FALSE,Miami
4/19/2017,4,FALSE,8.54791E+17,FALSE,NA,NA,NA,NA,NA,3,FALSE,scopedbylarry,"<a href=""http://twitter.com/download/iphone"" rel=""nofollow"">Twitter for iPhone</a>",Finally the Wolbachia infected mosquito release is being tried in FL to curb the Aedes mosquitos that carry Zika  https://t.co/MhVFiis5zg,FALSE,Miami
4/19/2017,0,FALSE,8.54773E+17,FALSE,NA,NA,NA,NA,NA,0,FALSE,food_organic,"<a href=""http://www.botize.com"" rel=""nofollow"">Botize</a>","Meet Another Zika Carrier, A Common Backyard Mosquito https://t.co/fzmRhDLOr2",FALSE,Miami
4/19/2017,0,FALSE,8.5477E+17,FALSE,NA,NA,NA,NA,NA,0,FALSE,TriviaMiami,"<a href=""http://www.facebook.com/twitter"" rel=""nofollow"">Facebook</a>","Top Scores for Seven Seas Bar 04/17/2017

1. The Zika Boys!-48
2. Melvin left Janine in Morocco-46
3. Big Game... https://t.co/Ny4VujfXkl",FALSE,Miami
4/19/2017,0,FALSE,8.54768E+17,FALSE,NA,NA,NA,NA,NA,0,FALSE,GMOFFL,"<a href=""http://www.facebook.com/twitter"" rel=""nofollow"">Facebook</a>","Great news!  Wolbachia Trials!  Thanks to everyone!

We don't need risky, expensive, dated technology and... https://t.co/zxc87wif8i",FALSE,Miami
4/19/2017,0,FALSE,8.54766E+17,TRUE,NA,NA,NA,NA,NA,1,FALSE,YackieBR,"<a href=""http://twitter.com"" rel=""nofollow"">Twitter Web Client</a>",RT @misaludmovil: A new study reports that some #babies infected with #Zika also may have lifelong #vision impairment. https://t.co/2IjPIVV…,FALSE,Miami
4/19/2017,0,FALSE,8.54763E+17,TRUE,NA,NA,NA,NA,NA,1,FALSE,Harper04138060,"<a href=""http://twitter.com/download/iphone"" rel=""nofollow"">Twitter for iPhone</a>",RT @UnivMiamiNews: Acting CDC Director: Sobering answers to pregnant women's questions about Zika | https://t.co/nhLWXRl0NJ via @FoxNews #U…,FALSE,Miami
4/19/2017,0,FALSE,8.54757E+17,FALSE,NA,NA,NA,NA,NA,1,FALSE,UnivMiamiNews,"<a href=""https://about.twitter.com/products/tweetdeck"" rel=""nofollow"">TweetDeck</a>",Acting CDC Director: Sobering answers to pregnant women's questions about Zika | https://t.co/nhLWXRl0NJ via @FoxNews #UMInTheNews,FALSE,Miami
4/19/2017,0,FALSE,8.54736E+17,FALSE,NA,NA,NA,NA,NA,0,FALSE,OrangePestCtrl,"<a href=""http://www.facebook.com/twitter"" rel=""nofollow"">Facebook</a>",Interesting to see the results of realeasing bacteria infected mosquitos to kill mosquitoes that carry Zika and... https://t.co/zGww1vxZjt,FALSE,Miami
4/19/2017,0,FALSE,8.54733E+17,FALSE,NA,NA,NA,NA,NA,0,FALSE,antoniorudolf,"<a href=""http://paper.li"" rel=""nofollow"">Paper.li</a>",The latest The antonio rudolf Daily! https://t.co/0Rl5Z3QHgW Thanks to @privateofficer #zika #science,FALSE,Miami
4/19/2017,0,FALSE,8.54724E+17,TRUE,NA,NA,NA,NA,NA,1,FALSE,CesarLara,"<a href=""http://twitter.com/download/iphone"" rel=""nofollow"">Twitter for iPhone</a>",RT @rosario_isasi: Fast CRISPR test easily detects Zika and antibiotic resistance | New Scientist https://t.co/ClElmz03yx,FALSE,Miami
4/19/2017,0,FALSE,8.5472E+17,TRUE,NA,NA,NA,NA,NA,8,FALSE,gennadiysitg56i,"<a href=""http://twitter.com"" rel=""nofollow"">Twitter Web Client</a>",RT @CBSMiami: Aerial spraying continued in parts of #MiamiDade this morning amid #Zika fight. https://t.co/Wzlh4pMRr2 #Health #FL #Women #M…,FALSE,Miami
4/19/2017,0,FALSE,8.54715E+17,FALSE,NA,NA,NA,NA,NA,0,FALSE,nvaldes7,"<a href=""http://twitter.com/download/iphone"" rel=""nofollow"">Twitter for iPhone</a>",Will these infected mosquitoes fight disease in Florida? https://t.co/QPT6LreamM via @nbcnews,FALSE,Miami
4/19/2017,1,FALSE,8.54712E+17,FALSE,NA,NA,NA,NA,NA,0,FALSE,SkylerSwisher,"<a href=""http://twitter.com/download/iphone"" rel=""nofollow"">Twitter for iPhone</a>","Sen. Bill Nelson says funding cuts would devastate medical research in South Florida, including fight against Zika… https://t.co/N4otl1rJGd",TRUE,Miami
4/19/2017,0,FALSE,8.54694E+17,FALSE,NA,NA,NA,NA,NA,0,FALSE,SouthMiamiWH,"<a href=""http://www.hootsuite.com"" rel=""nofollow"">Hootsuite</a>",Zika cases in Florida continue to rise. https://t.co/ukZG3RkHES,FALSE,Miami
4/19/2017,1,FALSE,8.54664E+17,FALSE,NA,NA,NA,NA,NA,0,FALSE,RadioMy,"<a href=""https://ifttt.com"" rel=""nofollow"">IFTTT</a>",‘Indian firm’s Zika virus vaccine 100% efficient in animal trials’ via /r/science https://t.co/kFoaOSxccT,FALSE,Miami
4/19/2017,0,FALSE,8.54661E+17,FALSE,NA,NA,NA,NA,NA,0,FALSE,MiamiMetropolis,"<a href=""http://publicize.wp.com/"" rel=""nofollow"">WordPress.com</a>",Is Zika a threat in Cuba? https://t.co/DB3WWQQVIp,FALSE,Miami
4/19/2017,0,FALSE,8.54659E+17,FALSE,NA,NA,NA,NA,NA,0,FALSE,AndrewRomanyk,"<a href=""https://ifttt.com"" rel=""nofollow"">IFTTT</a>",https://t.co/noWV4BJg8K ‘Indian firm’s Zika virus vaccine 100% efficient in animal trials’ #science,FALSE,Miami
4/19/2017,0,FALSE,8.54637E+17,FALSE,NA,NA,NA,NA,NA,0,FALSE,food_organic,"<a href=""http://www.botize.com"" rel=""nofollow"">Botize</a>","Meet Another Zika Carrier, A Common Backyard Mosquito https://t.co/0i5EEcABIw",FALSE,Miami
4/18/2017,0,FALSE,8.54526E+17,FALSE,NA,NA,NA,NA,NA,0,FALSE,farieangeg,"<a href=""https://mobile.twitter.com"" rel=""nofollow"">Mobile Web (M2)</a>",'Indian firm's Zika virus vaccine 100% efficient in animal trials',FALSE,Miami
4/18/2017,0,FALSE,8.545E+17,FALSE,NA,NA,NA,NA,NA,0,FALSE,misaludmovil,"<a href=""https://about.twitter.com/products/tweetdeck"" rel=""nofollow"">TweetDeck</a>","#Zika may be known for its neurological damage, but it also can have devastating effects on #babies' #vision.… https://t.co/47h18JSSzc",TRUE,Miami
4/18/2017,0,FALSE,8.54499E+17,FALSE,NA,NA,NA,NA,NA,0,FALSE,FIUNursing,"<a href=""https://about.twitter.com/products/tweetdeck"" rel=""nofollow"">TweetDeck</a>",Money to zap #Zika: #FIU researchers receive $3.4 million from state to find best ways to fight the virus. https://t.co/K12vY1pi7v,FALSE,Miami
4/18/2017,0,FALSE,8.54484E+17,FALSE,NA,NA,NA,NA,NA,0,FALSE,RedSabb93se,"<a href=""http://twitter.com/download/android"" rel=""nofollow"">Twitter for Android</a>",Puerto Rico 'is hiding the true scale of Zika amid tourism fears' https://t.co/JUdWZdHv14 @MailOnline,FALSE,Miami
4/18/2017,1,FALSE,8.5448E+17,FALSE,NA,NA,8.54474E+17,MackayIM,1352962327,0,FALSE,scopedbylarry,"<a href=""http://twitter.com/#!/download/ipad"" rel=""nofollow"">Twitter for iPad</a>",@MackayIM @edrybicki @neil_bodie It might partially explain the range of sequelae with Zika.,FALSE,Miami
4/18/2017,0,FALSE,8.54443E+17,FALSE,NA,NA,NA,NA,NA,0,FALSE,eliztimo,"<a href=""http://twitter.com"" rel=""nofollow"">Twitter Web Client</a>","""If we fall short of improving daily conditions for families in poverty...public health will increasingly be at risk""https://t.co/WBZTGj5gPU",FALSE,Miami
4/18/2017,0,FALSE,8.54433E+17,FALSE,NA,NA,NA,NA,NA,0,FALSE,CBSMiami,"<a href=""https://about.twitter.com/products/tweetdeck"" rel=""nofollow"">TweetDeck</a>",Thousands of bacteria-infected mosquitoes were released in wild to test new way to kill #Zika-carrying mosquitoes. https://t.co/gEcEn8z7rR,FALSE,Miami
4/18/2017,0,FALSE,8.54425E+17,FALSE,NA,NA,NA,NA,NA,0,FALSE,jnkay,"<a href=""http://twitter.com/download/iphone"" rel=""nofollow"">Twitter for iPhone</a>","Florida Keys try out bacteria-infected mosquitoes to kill off mosquitoes that carry Zika, dengue (from @AP) https://t.co/Aopwuf8e8p",FALSE,Miami
4/18/2017,0,FALSE,8.54421E+17,TRUE,NA,NA,NA,NA,NA,1,FALSE,Zika_Miami,"<a href=""https://script.google.com/macros/s/AKfycbx4vGUVr8-ffs5hEehcDk9bs6qgNF12LQGYA-DNXR98KM8VKVBF/exec"" rel=""nofollow""> Zika_Miami_News</a>",RT @BeeSpecBrown: #Zika much? https://t.co/mgTEpUTfLw,FALSE,Miami
4/18/2017,0,FALSE,8.5442E+17,FALSE,NA,NA,NA,NA,NA,1,FALSE,BeeSpecBrown,"<a href=""http://twitter.com/download/iphone"" rel=""nofollow"">Twitter for iPhone</a>",#Zika much? https://t.co/mgTEpUTfLw,FALSE,Miami
4/18/2017,1,FALSE,8.5442E+17,FALSE,NA,NA,NA,NA,NA,1,FALSE,rosario_isasi,"<a href=""http://twitter.com/download/iphone"" rel=""nofollow"">Twitter for iPhone</a>",Fast CRISPR test easily detects Zika and antibiotic resistance | New Scientist https://t.co/ClElmz03yx,FALSE,Miami
4/18/2017,0,FALSE,8.54414E+17,FALSE,NA,NA,NA,NA,NA,0,FALSE,UMBrainBank,"<a href=""http://twitter.com"" rel=""nofollow"">Twitter Web Client</a>",Experts say Puerto Rico may be underreporting Zika-affected births https://t.co/SEgfpVj1P4 via @statnews,FALSE,Miami
4/18/2017,1,FALSE,8.54387E+17,FALSE,NA,NA,NA,NA,NA,1,FALSE,misaludmovil,"<a href=""https://about.twitter.com/products/tweetdeck"" rel=""nofollow"">TweetDeck</a>",A new study reports that some #babies infected with #Zika also may have lifelong #vision impairment.… https://t.co/24BLUnQD4S,TRUE,Miami
4/18/2017,0,FALSE,8.5437E+17,TRUE,NA,NA,NA,NA,NA,1,FALSE,OldSalz,"<a href=""http://twitter.com"" rel=""nofollow"">Twitter Web Client</a>",RT @info_zika: Report Says Cost of Zika Estimated at up to $18 Billion https://t.co/dFuAmWMBxo,FALSE,Miami
4/18/2017,0,FALSE,8.5437E+17,FALSE,NA,NA,NA,NA,NA,0,FALSE,courtchauncey,"<a href=""http://linkis.com"" rel=""nofollow"">Linkis: turn sharing into growth</a>",Zika virus can trigger epilepsy - CBS News https://t.co/H2tu4xi8wG,FALSE,Miami
4/18/2017,0,FALSE,8.5437E+17,FALSE,NA,NA,NA,NA,NA,0,FALSE,courtchauncey,"<a href=""http://linkis.com"" rel=""nofollow"">Linkis: turn sharing into growth</a>",Zika virus can trigger epilepsy - CBS News New Strain of ZIKA Virus! different mosquito !!!!  FL  https://t.co/MauwY1KCUi,FALSE,Miami
4/18/2017,0,FALSE,8.5437E+17,FALSE,NA,NA,NA,NA,NA,0,FALSE,ShayleeCruz,"<a href=""http://twitter.com"" rel=""nofollow"">Twitter Web Client</a>",Find out how to #ZAPzika with tips from @MarchOfDimes https://t.co/qJax5C7lPn  via @SheSpeaksUp,FALSE,Miami
4/18/2017,1,FALSE,8.54366E+17,FALSE,NA,NA,NA,NA,NA,0,FALSE,food_organic,"<a href=""http://www.botize.com"" rel=""nofollow"">Botize</a>","Meet Another Zika Carrier, A Common Backyard Mosquito https://t.co/yr65zJtZoZ",FALSE,Miami
4/18/2017,0,FALSE,8.5436E+17,FALSE,NA,NA,NA,NA,NA,0,FALSE,AliciaFA_,"<a href=""https://dlvrit.com/"" rel=""nofollow"">dlvr.it</a>",Zika virus can trigger epilepsy https://t.co/Lf2Kyxwzp3 https://t.co/YZft8FWeQD,FALSE,Miami
4/18/2017,0,FALSE,8.54359E+17,TRUE,NA,NA,NA,NA,NA,1,FALSE,OldSalz,"<a href=""http://twitter.com"" rel=""nofollow"">Twitter Web Client</a>","RT @TAKEBACKOCH: RT: One in 10 pregnant women with Zika had fetus or baby with birth defects, CDC says https://t.co/yX7DGaDEyd https://t.co…",FALSE,Miami
4/18/2017,0,FALSE,8.54358E+17,FALSE,NA,NA,NA,NA,NA,0,FALSE,ndn,"<a href=""https://dlvrit.com/"" rel=""nofollow"">dlvr.it</a>",Evidence of Zika found in second mosquito species https://t.co/MDFHK6zkTx https://t.co/651rMW3yR9,FALSE,Miami
4/18/2017,0,FALSE,8.54343E+17,FALSE,NA,NA,NA,NA,NA,0,FALSE,dkblattneratty,"<a href=""http://twitter.com/#!/download/ipad"" rel=""nofollow"">Twitter for iPad</a>",Another #Zika mosquito? https://t.co/HZ9Fuo9Yc0,FALSE,Miami
4/18/2017,0,FALSE,8.54334E+17,FALSE,NA,NA,NA,NA,NA,0,FALSE,SimpleEasyWeigh,"<a href=""http://www.simpleeasyweightlossplan.com"" rel=""nofollow"">VideoTweetPressr to Simple Easy</a>",‘They’re just hiding’: Experts say Puerto Rico may be underreporting Zika-affected births https://t.co/U6jm1y3gBA,FALSE,Miami
4/18/2017,0,FALSE,8.54324E+17,FALSE,NA,NA,NA,NA,NA,0,FALSE,SomeLatinoguy1,"<a href=""http://twitter.com"" rel=""nofollow"">Twitter Web Client</a>",Relative went to PR last year for 2 weeks. News stations apparently didn't report anything regarding Zika while she was there. Not surprised,FALSE,Miami
4/18/2017,0,FALSE,8.54299E+17,FALSE,NA,NA,NA,NA,NA,0,FALSE,info_zika,"<a href=""http://www.facebook.com/twitter"" rel=""nofollow"">Facebook</a>",City Urges Mosquito Control Efforts https://t.co/5csZ8VbmPg,FALSE,Miami
4/18/2017,1,FALSE,8.54296E+17,FALSE,NA,NA,NA,NA,NA,1,FALSE,info_zika,"<a href=""http://www.facebook.com/twitter"" rel=""nofollow"">Facebook</a>",Report Says Cost of Zika Estimated at up to $18 Billion https://t.co/dFuAmWMBxo,FALSE,Miami
4/18/2017,0,FALSE,8.54296E+17,FALSE,NA,NA,NA,NA,NA,0,FALSE,info_zika,"<a href=""http://www.facebook.com/twitter"" rel=""nofollow"">Facebook</a>","Health and Human Services, Siemens Healthineers reach agreement for new Zika diagnostic test - Homeland... https://t.co/7s0DCDUcOR",FALSE,Miami
4/18/2017,0,FALSE,8.54295E+17,FALSE,NA,NA,NA,NA,NA,0,FALSE,info_zika,"<a href=""http://www.facebook.com/twitter"" rel=""nofollow"">Facebook</a>",HHS Sponsors New Zika Test to Boost Nat'l Testing Capacities (More) - American Security Today https://t.co/RYDz9Xxyxe,FALSE,Miami
4/18/2017,0,FALSE,8.54295E+17,FALSE,NA,NA,NA,NA,NA,0,FALSE,info_zika,"<a href=""http://www.facebook.com/twitter"" rel=""nofollow"">Facebook</a>",Evidence of Zika found in second mosquito species https://t.co/0Z7yL0iDma,FALSE,Miami
4/18/2017,0,FALSE,8.54295E+17,FALSE,NA,NA,NA,NA,NA,0,FALSE,info_zika,"<a href=""http://www.facebook.com/twitter"" rel=""nofollow"">Facebook</a>",Governor Scott visits Panama City to talk about Zika https://t.co/iAlKXnDwh1,FALSE,Miami
4/18/2017,0,FALSE,8.54294E+17,FALSE,NA,NA,NA,NA,NA,0,FALSE,info_zika,"<a href=""http://www.facebook.com/twitter"" rel=""nofollow"">Facebook</a>",University of Florida researcher finds Zika infection in second type of mosquito | Real Time https://t.co/Jy766dnKuP,FALSE,Miami
4/18/2017,0,FALSE,8.54294E+17,FALSE,NA,NA,NA,NA,NA,0,FALSE,info_zika,"<a href=""http://www.facebook.com/twitter"" rel=""nofollow"">Facebook</a>",Epilepsy: Another potential Zika threat to babies https://t.co/8pc0FGB2t4,FALSE,Miami
4/18/2017,0,FALSE,8.54294E+17,FALSE,NA,NA,NA,NA,NA,0,FALSE,info_zika,"<a href=""http://www.facebook.com/twitter"" rel=""nofollow"">Facebook</a>",Puerto Rico may be underreporting Zika-affected births https://t.co/wzcoil5Hw2,FALSE,Miami
4/18/2017,0,FALSE,8.54294E+17,FALSE,NA,NA,NA,NA,NA,0,FALSE,info_zika,"<a href=""http://www.facebook.com/twitter"" rel=""nofollow"">Facebook</a>",Mother of baby born with Zika complications shares heartbreaking ordeal https://t.co/EqW7oDJ8ze,FALSE,Miami
4/18/2017,0,FALSE,8.54293E+17,FALSE,NA,NA,NA,NA,NA,0,FALSE,info_zika,"<a href=""http://www.facebook.com/twitter"" rel=""nofollow"">Facebook</a>",‘Indian firm’s Zika virus vaccine 100% efficient in animal trials’ https://t.co/WNdX1IJwba,FALSE,Miami
4/17/2017,0,FALSE,8.54142E+17,TRUE,NA,NA,NA,NA,NA,2,FALSE,afsb2013,"<a href=""http://twitter.com/download/android"" rel=""nofollow"">Twitter for Android</a>",RT @MEDNAX: Birth defects from #Zika infection have risen in US. Monitoring systems collecting data on birth defects can help. https://t.co…,FALSE,Miami
4/17/2017,0,FALSE,8.54137E+17,FALSE,NA,NA,NA,NA,NA,0,FALSE,alexmenamiami,"<a href=""http://twitter.com/download/iphone"" rel=""nofollow"">Twitter for iPhone</a>",CDC urges doctors to screen for Zika-related epilepsy in infants born to infected moms https://t.co/SEnbBbmK0Y,FALSE,Miami
4/17/2017,0,FALSE,8.54127E+17,FALSE,NA,NA,NA,NA,NA,0,FALSE,GFLTourism,"<a href=""http://twitter.com/#!/download/ipad"" rel=""nofollow"">Twitter for iPad</a>",Governor rallies local officials to combat Zika @FRLAnews https://t.co/dJl3rnryhG,FALSE,Miami
4/17/2017,2,FALSE,8.54076E+17,FALSE,NA,NA,NA,NA,NA,2,FALSE,MEDNAX,"<a href=""http://www.hubspot.com/"" rel=""nofollow"">HubSpot</a>",Birth defects from #Zika infection have risen in US. Monitoring systems collecting data on birth defects can help.… https://t.co/NGnzDLzmjb,TRUE,Miami
4/17/2017,0,FALSE,8.54068E+17,FALSE,NA,NA,NA,NA,NA,0,FALSE,SANDALIOCARMONA,"<a href=""http://twitter.com"" rel=""nofollow"">Twitter Web Client</a>",CDC urges doctors to screen for Zika-related epilepsy in infants born to infected moms https://t.co/C5g46TC2Jw,FALSE,Miami
4/17/2017,0,FALSE,8.54067E+17,FALSE,NA,NA,NA,NA,NA,0,FALSE,1230wbzt,"<a href=""http://www.socialflow.com"" rel=""nofollow"">SocialFlow</a>",More Common Breed Of Mosquito Carries Zika https://t.co/pVEZ6hgCIi,FALSE,Miami
4/17/2017,0,FALSE,8.54064E+17,FALSE,NA,NA,NA,NA,NA,0,FALSE,WIOD,"<a href=""http://www.socialflow.com"" rel=""nofollow"">SocialFlow</a>","As we prepare for a new height of Zika this summer, UF researchers say we have more mosquito-carriers to worry about https://t.co/MIpufbImAY",FALSE,Miami
4/17/2017,0,FALSE,8.54051E+17,FALSE,NA,NA,NA,NA,NA,0,FALSE,PestGeekPodcast,"<a href=""http://www.hootsuite.com"" rel=""nofollow"">Hootsuite</a>",Zika RNA now found in a second mosquito species - Zika RNA has now been found in Aedes albopictus. That’s not t... https://t.co/ZXkJncshz1,FALSE,Miami
4/17/2017,0,FALSE,8.54048E+17,FALSE,25.78111669,-80.19240081,NA,NA,NA,0,FALSE,MiamiCP,"<a href=""https://dlvrit.com/"" rel=""nofollow"">dlvr.it</a>",CDC urges doctors to screen for Zika-related epilepsy in infants born to infected moms https://t.co/yEUYpNi0Gt,FALSE,Miami
4/17/2017,0,FALSE,8.54047E+17,TRUE,NA,NA,NA,NA,NA,6,FALSE,AtlantaNewsFeed,"<a href=""http://twitter.com"" rel=""nofollow"">Twitter Web Client</a>","RT @MiamiHerald: CDC urges doctors to screen for Zika-related epilepsy in infants born to infected moms
https://t.co/VNzyuKgDXk https://t.c…",FALSE,Miami
4/17/2017,2,FALSE,8.54047E+17,FALSE,NA,NA,NA,NA,NA,0,FALSE,hscmd,"<a href=""http://www.hootsuite.com"" rel=""nofollow"">Hootsuite</a>","We encourage all pregnant women in @MiamiDadeCounty to get tested for #Zika. For help &amp; resources, you can always call us at 305-541-0210.",FALSE,Miami
4/17/2017,0,FALSE,8.54043E+17,FALSE,NA,NA,NA,NA,NA,0,FALSE,ele_wolfe,"<a href=""https://ifttt.com"" rel=""nofollow"">IFTTT</a>","CDC urges doctors to screen for Zika-related epilepsy in infants born to infected moms
https://t.co/Qctbl6UmS2 https://t.co/7DneEM9onL",FALSE,Miami
4/17/2017,0,FALSE,8.54042E+17,FALSE,NA,NA,NA,NA,NA,0,FALSE,TAKEBACKOCH,"<a href=""https://ifttt.com"" rel=""nofollow"">IFTTT</a>","RT: CDC urges doctors to screen for Zika-related epilepsy in infants born to infected moms
https://t.co/gFnJGYzGwm …",FALSE,Miami
4/17/2017,2,FALSE,8.54042E+17,FALSE,NA,NA,NA,NA,NA,6,FALSE,MiamiHerald,"<a href=""https://about.twitter.com/products/tweetdeck"" rel=""nofollow"">TweetDeck</a>","CDC urges doctors to screen for Zika-related epilepsy in infants born to infected moms
https://t.co/VNzyuKgDXk https://t.co/Jf94Y1kJfs",FALSE,Miami
4/17/2017,0,FALSE,8.5404E+17,FALSE,NA,NA,NA,NA,NA,0,FALSE,breakingnewsmia,"<a href=""http://www.hootsuite.com"" rel=""nofollow"">Hootsuite</a>",CDC urges doctors to screen for Zika-related epilepsy in infants born to infected moms https://t.co/wnbJYjkjrJ,FALSE,Miami
4/17/2017,0,FALSE,8.54039E+17,TRUE,NA,NA,NA,NA,NA,1,FALSE,itsmepanda1,"<a href=""http://twitter.com/download/iphone"" rel=""nofollow"">Twitter for iPhone</a>",RT @MiamiBestOf: CDC urges doctors to screen for Zika-related epilepsy in infants born to infected moms: Federal health officials… https://…,FALSE,Miami
4/17/2017,0,FALSE,8.54037E+17,FALSE,NA,NA,NA,NA,NA,0,FALSE,1Miami_,"<a href=""https://1miami.net"" rel=""nofollow"">1 Miami</a>",1 Miami News Search Businesses (CDC urges doctors to screen for Zika-related epilepsy in infants born to ...)  - https://t.co/kctOo5vBv7,FALSE,Miami
4/17/2017,0,FALSE,8.54036E+17,FALSE,NA,NA,NA,NA,NA,0,FALSE,AlanSackrin,"<a href=""http://www.hootsuite.com"" rel=""nofollow"">Hootsuite</a>",n #SFla - CDC urges doctors to screen for Zika-related epilepsy in infants born to infected moms https://t.co/nEqpvCddoz,FALSE,Miami
4/17/2017,0,FALSE,8.54036E+17,FALSE,NA,NA,NA,NA,NA,0,FALSE,TodayMiami,"<a href=""http://twibble.io"" rel=""nofollow"">Twibble.io</a>",CDC urges doctors to screen for Zika-related epilepsy in infants born to infected moms https://t.co/cNIh2CjcZA https://t.co/8RVNj8J7ZV,FALSE,Miami
4/17/2017,0,FALSE,8.54033E+17,FALSE,NA,NA,NA,NA,NA,0,FALSE,JenniferB_RN,"<a href=""https://ifttt.com"" rel=""nofollow"">IFTTT</a>",Zika RNA now found in a second mosquito species  https://t.co/wafvs9W98m #science #health,FALSE,Miami
4/17/2017,0,FALSE,8.54032E+17,FALSE,NA,NA,NA,NA,NA,0,FALSE,andrewbarnettfl,"<a href=""https://ifttt.com"" rel=""nofollow"">IFTTT</a>",Andrew Barnett's latest: Zika RNA now found in a second mosquito species https://t.co/S8GyGZ8vXh #exercise,FALSE,Miami
4/17/2017,0,FALSE,8.54032E+17,FALSE,NA,NA,NA,NA,NA,0,FALSE,1_ftl,"<a href=""https://1fortlauderdale.com"" rel=""nofollow"">1 Fort Lauderdale</a>",Fort Lauderdale News Search Reviews (CDC urges doctors to screen for Zika-related epilepsy in infants born ...)  - https://t.co/niceiSL3CR,FALSE,Miami
4/17/2017,0,FALSE,8.54032E+17,FALSE,NA,NA,NA,NA,NA,0,FALSE,NateArnold,"<a href=""https://dlvrit.com/"" rel=""nofollow"">dlvr.it</a>",Zika RNA now found in a second mosquito species https://t.co/eFLUDUbZgC,FALSE,Miami
4/17/2017,0,FALSE,8.54031E+17,FALSE,NA,NA,NA,NA,NA,1,FALSE,MiamiBestOf,"<a href=""https://dlvrit.com/"" rel=""nofollow"">dlvr.it</a>",CDC urges doctors to screen for Zika-related epilepsy in infants born to infected moms: Federal health officials… https://t.co/r628uTpKcK,FALSE,Miami
4/17/2017,0,FALSE,8.54029E+17,FALSE,NA,NA,NA,NA,NA,0,FALSE,miamitaxicabs,"<a href=""https://dlvrit.com/"" rel=""nofollow"">dlvr.it</a>",#miamiyellowtaxicabs CDC urges doctors to screen for Zika-related epilepsy in infants born to infected…… https://t.co/x1iZKJtV5k,TRUE,Miami
4/17/2017,0,FALSE,8.5402E+17,TRUE,NA,NA,NA,NA,NA,3,FALSE,clydeMcC,"<a href=""http://twitter.com"" rel=""nofollow"">Twitter Web Client</a>",RT @bio561: University of Florida researcher finds possibility of Zika infection in second type of mosquito https://t.co/toQizAGiAS,FALSE,Miami
4/17/2017,0,FALSE,8.54015E+17,TRUE,NA,NA,NA,NA,NA,1,FALSE,JenSorentrue,"<a href=""https://about.twitter.com/products/tweetdeck"" rel=""nofollow"">TweetDeck</a>",RT @pbpostrealtime: University of Florida researcher finds possibility of Zika infection in second type of mosquito https://t.co/1pXFTjZbI3,FALSE,Miami
4/17/2017,1,FALSE,8.54014E+17,FALSE,NA,NA,NA,NA,NA,1,FALSE,pbpostrealtime,"<a href=""http://www.socialflow.com"" rel=""nofollow"">SocialFlow</a>",University of Florida researcher finds possibility of Zika infection in second type of mosquito https://t.co/1pXFTjZbI3,FALSE,Miami
4/17/2017,0,FALSE,8.54013E+17,FALSE,NA,NA,NA,NA,NA,3,FALSE,bio561,"<a href=""http://publicize.wp.com/"" rel=""nofollow"">WordPress.com</a>",University of Florida researcher finds possibility of Zika infection in second type of mosquito https://t.co/toQizAGiAS,FALSE,Miami
4/17/2017,0,FALSE,8.53975E+17,FALSE,NA,NA,NA,NA,NA,0,FALSE,PestGeekPodcast,"<a href=""http://www.hootsuite.com"" rel=""nofollow"">Hootsuite</a>",Specialty Consultants Releases Zika and U.S. Mosquito Control Market Report https://t.co/VFUSHcvHTw,FALSE,Miami
4/17/2017,0,FALSE,8.53973E+17,FALSE,NA,NA,NA,NA,NA,0,FALSE,1290wjno,"<a href=""http://www.socialflow.com"" rel=""nofollow"">SocialFlow</a>",More Common Breed Of Mosquito Carries Zika https://t.co/pejfU7tmWv,FALSE,Miami
4/17/2017,0,FALSE,8.53933E+17,FALSE,NA,NA,NA,NA,NA,0,FALSE,850WFTL,"<a href=""http://twitter.com"" rel=""nofollow"">Twitter Web Client</a>",Zika virus showing up in common mosquitoes https://t.co/C2VzkFpOGK,FALSE,Miami
4/17/2017,0,FALSE,8.53844E+17,FALSE,NA,NA,NA,NA,NA,0,FALSE,info_zika,"<a href=""http://www.facebook.com/twitter"" rel=""nofollow"">Facebook</a>","Zika attack - Almost 8,000 suspected cases of the virus in JA 15 months https://t.co/XcotZEDUu6",FALSE,Miami
4/16/2017,0,FALSE,8.53672E+17,TRUE,NA,NA,NA,NA,NA,3,FALSE,4uvthVfFDaODCgN,"<a href=""http://twitter.com"" rel=""nofollow"">Twitter Web Client</a>",RT @TheBiteHelper: Attention #snowbirds! Recent: #Zika Virus https://t.co/wvhjULM7y6 via @CDCgov  https://t.co/owyZYclrDY #ItsBettertoBeSaf…,FALSE,Miami
4/16/2017,0,FALSE,8.53621E+17,FALSE,NA,NA,NA,NA,NA,0,FALSE,MiamiMetro,"<a href=""http://paper.li"" rel=""nofollow"">Paper.li</a>",The latest Miami Metro! https://t.co/565whkOmO7 Thanks to @Miami_Mike_ @Alexandra0306 @Zika_Miami #miami #florida,FALSE,Miami
4/16/2017,0,FALSE,8.53478E+17,FALSE,NA,NA,NA,NA,NA,0,FALSE,info_zika,"<a href=""http://www.facebook.com/twitter"" rel=""nofollow"">Facebook</a>",Zika virus in 30 seconds: What you need to know today https://t.co/OtPzOfuo14,FALSE,Miami
4/15/2017,0,FALSE,8.53367E+17,FALSE,NA,NA,NA,NA,NA,0,FALSE,scopedbylarry,"<a href=""http://twitter.com/#!/download/ipad"" rel=""nofollow"">Twitter for iPad</a>","No, I do not think so. Nothing new to see her from what I can tell.  https://t.co/RLJYUw1Qh8",FALSE,Miami
4/15/2017,0,FALSE,8.53345E+17,TRUE,NA,NA,NA,NA,NA,1,FALSE,EarthMineYours,"<a href=""https://roundteam.co"" rel=""nofollow"">RoundTeam</a>",RT @axbonotto: Traces of Zika Found in Asian tiger mosquito in Brazil #environment https://t.co/UCzjG46kqz,FALSE,Miami
4/15/2017,0,FALSE,8.53345E+17,FALSE,NA,NA,NA,NA,NA,1,FALSE,axbonotto,"<a href=""http://alexandrebonotto.com/"" rel=""nofollow"">AXB Tweets</a>",Traces of Zika Found in Asian tiger mosquito in Brazil #environment https://t.co/UCzjG46kqz,FALSE,Miami
4/15/2017,1,FALSE,8.53312E+17,FALSE,NA,NA,NA,NA,NA,0,FALSE,jnkay,"<a href=""http://twitter.com"" rel=""nofollow"">Twitter Web Client</a>","Dallas considers trial of genetically modified mosquitoes to cut West Nile, Zika risk https://t.co/k9MQfLP4xs via @dallasnews",FALSE,Miami
4/15/2017,0,FALSE,8.53281E+17,FALSE,NA,NA,NA,NA,NA,0,FALSE,PestGeekPodcast,"<a href=""http://www.hootsuite.com"" rel=""nofollow"">Hootsuite</a>",Traces of Zika Found in Asian tiger mosquito in Brazil - In a recent test of Asian tiger mosquitoes collected i... https://t.co/VnNQNwhHks,FALSE,Miami
4/15/2017,0,FALSE,8.53265E+17,FALSE,NA,NA,NA,NA,NA,0,FALSE,JenniferB_RN,"<a href=""https://ifttt.com"" rel=""nofollow"">IFTTT</a>",Traces of Zika Found in Asian tiger mosquito in Brazil  https://t.co/UhzbzykjAW #science #health,FALSE,Miami
4/15/2017,0,FALSE,8.53264E+17,FALSE,NA,NA,NA,NA,NA,0,FALSE,andrewbarnettfl,"<a href=""https://ifttt.com"" rel=""nofollow"">IFTTT</a>",Andrew Barnett's latest: Traces of Zika Found in Asian tiger mosquito in Brazil https://t.co/xqOmvQSb2Z #exercise,FALSE,Miami
4/15/2017,0,FALSE,8.53182E+17,FALSE,NA,NA,NA,NA,NA,0,FALSE,teresaruzzel,"<a href=""https://ifttt.com"" rel=""nofollow"">IFTTT</a>",Health officials warn Wynwood property owners and businesses to prepare for Zika https://t.co/Npvd9dR5vX,FALSE,Miami
4/15/2017,0,FALSE,8.53125E+17,FALSE,NA,NA,NA,NA,NA,0,FALSE,gzirealty,"<a href=""https://ifttt.com"" rel=""nofollow"">IFTTT</a>",Health officials warn Wynwood property owners and businesses to prepare for Zika https://t.co/FfK8hwKJVt,FALSE,Miami
4/15/2017,0,FALSE,8.5312E+17,FALSE,NA,NA,NA,NA,NA,0,FALSE,info_zika,"<a href=""http://www.facebook.com/twitter"" rel=""nofollow"">Facebook</a>",Second type of mosquito may be able to carry Zika virus https://t.co/lf95djv1rw,FALSE,Miami
4/15/2017,0,FALSE,8.5312E+17,FALSE,NA,NA,NA,NA,NA,0,FALSE,info_zika,"<a href=""http://www.facebook.com/twitter"" rel=""nofollow"">Facebook</a>",How to protect against the Zika Virus Miami's Community News https://t.co/66yYai00hr,FALSE,Miami
4/15/2017,0,FALSE,8.53119E+17,FALSE,NA,NA,NA,NA,NA,0,FALSE,info_zika,"<a href=""http://www.facebook.com/twitter"" rel=""nofollow"">Facebook</a>",There’s another mosquito carrying Zika virus https://t.co/zX0QEJVGvl,FALSE,Miami
4/15/2017,0,FALSE,8.53119E+17,FALSE,NA,NA,NA,NA,NA,0,FALSE,info_zika,"<a href=""http://www.facebook.com/twitter"" rel=""nofollow"">Facebook</a>",Researchers find more troubling news related to the Zika virus https://t.co/aJUZkA5xG4,FALSE,Miami
4/14/2017,0,FALSE,8.53062E+17,TRUE,NA,NA,NA,NA,NA,1,FALSE,Zika_Miami,"<a href=""https://script.google.com/macros/s/AKfycbx4vGUVr8-ffs5hEehcDk9bs6qgNF12LQGYA-DNXR98KM8VKVBF/exec"" rel=""nofollow""> Zika_Miami_News</a>",RT @tinacornely: HeadsUp #Miami! 66 new #Zika cases reported in Miami #FL for 2017. #DrainAndCover ppl! Take precaution &amp; do your #FamilyPl…,FALSE,Miami
4/14/2017,0,FALSE,8.53059E+17,FALSE,NA,NA,NA,NA,NA,1,FALSE,tinacornely,"<a href=""http://twitter.com"" rel=""nofollow"">Twitter Web Client</a>",HeadsUp #Miami! 66 new #Zika cases reported in Miami #FL for 2017. #DrainAndCover ppl! Take precaution &amp; do your… https://t.co/P5Rxo3wIGz,TRUE,Miami
4/14/2017,0,FALSE,8.53046E+17,TRUE,NA,NA,NA,NA,NA,1,FALSE,Zika_Miami,"<a href=""https://script.google.com/macros/s/AKfycbx4vGUVr8-ffs5hEehcDk9bs6qgNF12LQGYA-DNXR98KM8VKVBF/exec"" rel=""nofollow""> Zika_Miami_News</a>",RT @hflgreen: .@KiltronXEnviro .@InfectDisNews https://t.co/UHpBswvLdp case 2 Amer.CollegeCardioScientific-evidence btwn #Zika virus infect…,FALSE,Miami
4/14/2017,0,FALSE,8.53045E+17,FALSE,NA,NA,NA,NA,NA,1,FALSE,hflgreen,"<a href=""http://twitter.com/download/iphone"" rel=""nofollow"">Twitter for iPhone</a>",.@KiltronXEnviro .@InfectDisNews https://t.co/UHpBswvLdp case 2 Amer.CollegeCardioScientific-evidence btwn #Zika vi… https://t.co/5BevoxZjuz,TRUE,Miami
4/14/2017,0,FALSE,8.5301E+17,TRUE,NA,NA,NA,NA,NA,2,FALSE,davidmkaminski,"<a href=""http://twitter.com/download/iphone"" rel=""nofollow"">Twitter for iPhone</a>",RT @BilzinSumberg: State of Emergency over #Zika gives holders of #RE dev. orders &amp; building permits opportunity for longer extension https…,FALSE,Miami
4/14/2017,0,FALSE,8.52985E+17,FALSE,NA,NA,NA,NA,NA,2,FALSE,BilzinSumberg,"<a href=""http://www.hootsuite.com"" rel=""nofollow"">Hootsuite</a>",State of Emergency over #Zika gives holders of #RE dev. orders &amp; building permits opportunity for longer extension… https://t.co/l0sh3bejnC,TRUE,Miami
4/14/2017,2,FALSE,8.52982E+17,FALSE,NA,NA,NA,NA,NA,0,FALSE,Pacific54,"<a href=""http://bufferapp.com"" rel=""nofollow"">Buffer</a>","Zika-pocalypse, Round 2. <ed><U+00A0><U+00BD><ed><U+00B9><U+0084> ""Health Officials Warn #Wynwood #Businesses to Prepare for #Zika"" -… https://t.co/aajCJBIvgq",TRUE,Miami
4/14/2017,0,FALSE,8.52955E+17,FALSE,NA,NA,NA,NA,NA,0,FALSE,hangoutmiami,"<a href=""https://ifttt.com"" rel=""nofollow"">IFTTT</a>",CityofMiami: RT talofaeric: City of Miami Deputy Resilience Officer Stephanie Tashiro shares ways to keep Zika fre… https://t.co/h9sNWT7axc,FALSE,Miami
4/14/2017,2,FALSE,8.52945E+17,FALSE,NA,NA,NA,NA,NA,0,FALSE,daveaizer,"<a href=""http://twitter.com/download/android"" rel=""nofollow"">Twitter for Android</a>",Great chatting w @loumanfredini from @HouseSmartsTV about @InsectShield. It's a good way to stay safe from #Zika an… https://t.co/2fJ40g1LK9,TRUE,Miami
4/14/2017,7,FALSE,8.52938E+17,FALSE,NA,NA,NA,NA,NA,10,FALSE,scopedbylarry,"<a href=""http://twitter.com/download/iphone"" rel=""nofollow"">Twitter for iPhone</a>","Between Zika and Yellow Fever, this guy keeps falling off the radar. Could be a big mistake. https://t.co/Tf5JWI1MQD",FALSE,Miami
4/14/2017,1,FALSE,8.52935E+17,FALSE,NA,NA,NA,NA,NA,0,FALSE,ralphrosado,"<a href=""http://twitter.com/download/iphone"" rel=""nofollow"">Twitter for iPhone</a>",Stay #Zika-free! #FightTheBite https://t.co/8r4REwiXul,FALSE,Miami
4/14/2017,0,FALSE,8.52914E+17,FALSE,NA,NA,NA,NA,NA,0,FALSE,ciaragrayz,"<a href=""https://ifttt.com"" rel=""nofollow"">IFTTT</a>",Health officials warn Wynwood property owners and businesses to prepare for Zika https://t.co/xL7C8Vu6RY,FALSE,Miami
4/14/2017,0,FALSE,8.52913E+17,FALSE,NA,NA,NA,NA,NA,0,FALSE,darlene_laure,"<a href=""https://ifttt.com"" rel=""nofollow"">IFTTT</a>",Health officials warn Wynwood property owners and businesses to prepare for Zika https://t.co/XaxkKNa03P #RealEstate #SouthBeach #Miami #B…,FALSE,Miami
4/14/2017,0,FALSE,8.5288E+17,FALSE,NA,NA,NA,NA,NA,0,FALSE,UMBrainBank,"<a href=""http://twitter.com"" rel=""nofollow"">Twitter Web Client</a>",Gaps in care for babies with Zika highlight a deeper problem in medicine https://t.co/NnshBsTB5D via @scifeeds,FALSE,Miami
4/14/2017,1,FALSE,8.52863E+17,FALSE,NA,NA,NA,NA,NA,0,FALSE,indusinfect,"<a href=""https://www.socialoomph.com"" rel=""nofollow"">SocialOomph</a>",Evaluation of a commercially available Zika Virus IgM ELISA: Specificity in Focus #InfectiousDisease https://t.co/4fGeP2a9lu,FALSE,Miami
4/14/2017,1,FALSE,8.52824E+17,FALSE,NA,NA,NA,NA,NA,0,FALSE,Physicians_Reg,"<a href=""http://socialportal.ballywhointeractive.com"" rel=""nofollow"">Social Portal</a>",Lower the risk of the #ZikaVirus in #NaplesFL! Get prevention tips from @HealthyFla: https://t.co/fjSbJ66FrO,FALSE,Miami
4/14/2017,0,FALSE,8.52755E+17,FALSE,NA,NA,NA,NA,NA,0,FALSE,info_zika,"<a href=""http://www.facebook.com/twitter"" rel=""nofollow"">Facebook</a>",Four reasons why we shouldn’t forget about Zika https://t.co/iFshrsVuGh,FALSE,Miami
4/14/2017,0,FALSE,8.52753E+17,FALSE,NA,NA,NA,NA,NA,0,FALSE,info_zika,"<a href=""http://www.facebook.com/twitter"" rel=""nofollow"">Facebook</a>",Health official: Woman with Zika virus to deliver in Corpus Christi https://t.co/DVwtP4ZqVu,FALSE,Miami
4/23/2017,0,FALSE,8.56242E+17,TRUE,NA,NA,NA,NA,NA,3578,FALSE,Jake__Zika,"<a href=""http://twitter.com/download/android"" rel=""nofollow"">Twitter for Android</a>",RT @NiggaCommentary: BRO SHE DIDNT HAVE TO QUIT LIKE THAT <ed><U+00A0><U+00BD><ed><U+00B8><U+0082><ed><U+00A0><U+00BD><ed><U+00B8><U+0082><ed><U+00A0><U+00BD><ed><U+00B8><U+0082><ed><U+00A0><U+00BD><ed><U+00B8><U+0082> https://t.co/TxpvWqAJZt,FALSE,Miami
4/20/2017,0,FALSE,8.55048E+17,FALSE,NA,NA,NA,NA,NA,0,FALSE,marid4560,"<a href=""http://twitter.com/download/iphone"" rel=""nofollow"">Twitter for iPhone</a>","Zika could end up costing Latin America and the Caribbean up to $18 billion, UN reports finds.",FALSE,Miami
4/14/2017,2,FALSE,8.52982E+17,FALSE,NA,NA,NA,NA,NA,0,FALSE,Pacific54,"<a href=""http://bufferapp.com"" rel=""nofollow"">Buffer</a>","Zika-pocalypse, Round 2. <ed><U+00A0><U+00BD><ed><U+00B9><U+0084> ""Health Officials Warn #Wynwood #Businesses to Prepare for #Zika"" -… https://t.co/aajCJBIvgq",TRUE,Miami
